{
    "predict_bleu-4": 94.78295430711611,
    "predict_rouge-1": 94.5692883895131,
    "predict_rouge-2": 92.75905842696629,
    "predict_rouge-l": 94.5692883895131,
    "predict_runtime": 47.6019,
    "predict_samples_per_second": 50.481,
    "predict_steps_per_second": 6.323
}