{
    "predict_bleu-4": 95.01282413649605,
    "predict_rouge-1": 94.80857261756138,
    "predict_rouge-2": 93.07810374531836,
    "predict_rouge-l": 94.80857261756138,
    "predict_runtime": 45.8434,
    "predict_samples_per_second": 52.418,
    "predict_steps_per_second": 6.566
}