{
    "predict_bleu-4": 95.2027166042447,
    "predict_rouge-1": 95.00624219725343,
    "predict_rouge-2": 93.34166292134832,
    "predict_rouge-l": 95.00624219725343,
    "predict_runtime": 52.8108,
    "predict_samples_per_second": 45.502,
    "predict_steps_per_second": 5.7
}